CalcLineID,FullKey,Weight,Notes,ShortKey,In FIN Data Flow,CalcandKey,Count
14,0000000100,1,ADD: Calculated Oil Turnover (Oil TO),100,Yes,14100,1
14,0000000110,1,ADD: Oil TO Generated from Royalty Volumes,110,Yes,14110,1
14,0000000120,1,ADD: Oil TO Generated from Purchase for Resale,120,Yes,14120,1
14,0000000220,1,ADD: Calculated NGL Turnover (NGL TO),220,Yes,14220,1
14,0000000230,1,ADD: NGL TO Generated from Royalty Volumes,230,Yes,14230,1
14,0000000240,1,ADD: NGL TO Generated from Purchase for Resale,240,Yes,14240,1
14,0000000340,1,ADD: Calculated Gas Turnover (Gas TO),340,Yes,14340,1
14,0000000350,1,ADD: Gas TO Generated from Royalty Volumes,350,Yes,14350,1
14,0000000360,1,ADD: Gas TO Generated from Purchase for Resale,360,Yes,14360,1
14,0000000380,1,ADD: Tariff and Other Turnover,380,Yes,14380,1
14,0000000420,1,ADD: Purchases,420,Yes,14420,1
14,0000000430,1,ADD: Production Taxes Charged,430,Yes,14430,1
14,0000000440,1,ADD: Royalty Charged,440,Yes,14440,1
14,0000000450,1,ADD: Other Government Take Charged,450,Yes,14450,1
14,0000000630,1,ADD: Decommissioning Payments,630,Yes,14630,1
14,0000000631,1,ADD: Exploration Write-off Dry Hole - Input,631,Yes,14631,1
14,0000000640,1,ADD: Forex,640,Yes,14640,1
14,0000000650,1,ADD: COSA,650,Yes,14650,1
14,0000000660,1,ADD: Inventory,660,Yes,14660,1
14,0000000670,1,ADD: Other Provisions,670,Yes,14670,1
14,0000000700,1,ADD: Impairment - Tangible Assets and other NOI,700,Yes,14700,1
14,0000000730,1,ADD: Related Company Income- Gross,730,Yes,14730,1
14,0000000781,1,ADD: Profit/Loss on sale of operations,781,Yes,14781,1
14,0000000790,1,ADD: Development Capex – D&C,790,Yes,14790,1
14,0000000800,1,ADD: Development Capex – Other,800,Yes,14800,1
14,0000000820,1,ADD: Inorganic Capex,820,Yes,14820,1
14,0000000830,1,ADD: Capitalised Interest,830,Yes,14830,1
14,0000000850,1,ADD: Production Costs – Operating,850,Yes,14850,1
14,0000000870,1,ADD: Other Opex,870,Yes,14870,1
14,0000000880,1,ADD: Production Costs – Revex,880,Yes,14880,1
14,0000000890,1,ADD: E&A Cash Costs,890,Yes,14890,1
14,0000000900,1,ADD: Other Revex,900,Yes,14900,1
14,0000000910,1,ADD: Production Costs – Overheads,910,Yes,14910,1
14,0000000920,1,ADD: Overheads,920,Yes,14920,1
14,0000000921,1,ADD: Special Items - Cash Cost Ratex,921,Yes,14921,1
14,0000001190,1,ADD: COSA - copy 1 (reversed),1190,Yes,141190,1
14,0000001220,1,ADD: E&A- Drilling,1220,Yes,141220,1
14,0000001230,1,ADD: E&A- Other,1230,Yes,141230,1
14,0000001240,1,ADD: Midstream Capex,1240,Yes,141240,1
14,0000001250,1,ADD: Interest & Dividends Receivable,1250,Yes,141250,1
14,0000001360,1,ADD: Payments from Other Provisions,1360,Yes,141360,1
14,0000001380,1,ADD: Capitalised Interest Paid,1380,Yes,141380,1
14,0000001390,1,ADD: Interest Received,1390,Yes,141390,1
14,0000001600,1,ADD: Movement in Capex Creditors,1600,Yes,141600,1
14,0000001620,1,ADD: Cash Flow from Sale of Operations,1620,Yes,141620,1
14,0000001690,1,ADD: Other Non Cash Items add back -Input,1690,Yes,141690,1
14,0000001730,1,ADD: M&T Cash Costs,1730,Yes,141730,1
14,0000002840,1,ADD: Other Income Input,2840,Yes,142840,1
14,0000002920,1,ADD: Share of interest expense in Related Company,2920,Yes,142920,1
14,0000003760,1,ADD: Capitalised Interest Paid - copy 1 (reversed),3760,Yes,143760,1
14,0000008010,1,ADD: Exploration Write-off Dry Hole (BU Owned),8010,Yes,148010,1
14,0000010210,1,ADD: Impairment - Expl Leasehold,10210,Yes,1410210,1
14,0000012180,1,ADD: Exploration WO Dry Hole (reversed),12180,Yes,1412180,1
14,0000012190,1,ADD: Other Provisions (reversed),12190,Yes,1412190,1
14,0000012200,1,ADD: Total DDA & Impairments (reversed),12200,Yes,1412200,1
14,0000012660,1,ADD: Special Items Non-cash Costs (reversed),12660,Yes,1412660,1
14,0000012670,1,ADD: Related Company Income (reversed),12670,Yes,1412670,1
14,0000012680,1,ADD: P/L on Sale of Operations (reversed),12680,Yes,1412680,1
14,0000012745,1,ADD: Cash Flow from Loan Repayments,12745,Yes,1412745,1
14,0000013522,1,ADD: Total Inventory - Product & Stores CF,13522,Yes,1413522,1
14,0000013524,1,ADD: Total Debtors CF,13524,Yes,1413524,1
14,0000013525,1,ADD: Total Creditors CF,13525,Yes,1413525,1
14,0000013531,1,ADD: Total Dividend Received (incl. from Related Company),13531,Yes,1413531,1
14,0000013544,1,ADD: Total DDA on Operations (incl. PPA),13544,Yes,1413544,1
14,0000013546,1,ADD: Total Impairment - PPP & Goodwill (GBC only),13546,Yes,1413546,1
14,0000013558,1,ADD: Profit/Loss on IFRS FVTE,13558,Yes,1413558,1
14,0000013574,1,ADD: CT Charge on Related Company Income,13574,Yes,1413574,1
14,0000013814,1,ADD: Special Items - Gross Margin,13814,Yes,1413814,1
14,0000013838,1,ADD: Special Items - Non Cash Cost Environment,13838,Yes,1413838,1
14,0000013839,1,ADD: Special Items - Other Income,13839,Yes,1413839,1
14,0000014247,1,ADD: NonCash CF Adj,14247,Yes,1414247,1
14,0000014253,1,ADD: P/L on IFRS FVTE (reversed),14253,Yes,1414253,1
14,0000014287,1,ADD: Other Non Cash Items Add Back Adj1,14287,Yes,1414287,1
14,0000014288,1,ADD: Other Non Cash Items Add Back Adj2,14288,Yes,1414288,1
14,0000014425,1,ADD: Underlift/overlift movement,14425,Yes,1414425,1
14,0000014545,1,ADD: Total Impairments (reversed),14545,Yes,1414545,1
14,0000014566,1,ADD: RoU Asset DD&A charge,14566,Yes,1414566,1
14,0000014567,1,ADD: RoU Asset DD&A capitalized,14567,Yes,1414567,1
14,0000014570,1,ADD: Accrued Lease Capex,14570,Yes,1414570,1
14,0000014571,1,ADD: Non-cash adj lease capex,14571,Yes,1414571,1
14,0000014572,1,ADD: Finance debt repayment,14572,Yes,1414572,1
14,0000014573,1,ADD: Lease Interest paid,14573,Yes,1414573,1
14,0000014596,1,ADD: Repayment of payables to operators for leases,14596,Yes,1414596,1
14,0000014597,1,ADD: Other Income - Leases partner recovery,14597,Yes,1414597,1
14,0000014598,1,ADD: Repayment of receivables from partners – leases,14598,Yes,1414598,1
14,0000014619,1,ADD: Special Items - Non Cash Costs Forex,14619,Yes,1414619,1
14,0000014621,1,ADD: Special Items – Other Income Relco,14621,Yes,1414621,1
14,0000014622,1,ADD: Special Items – Cash Costs Other,14622,Yes,1414622,1
14,0000001170,1,ADD: Non Cash Items,1170,No,141170,1
14,0000010130,1,ADD: Profit/Loss on asset swaps,10130,No,1410130,1
14,0000010140,1,ADD: Profit/Loss on mark-to-market on embedded derivatives,10140,No,1410140,1
14,0000013529,1,ADD: Total Mark to Market on Emb. Derivatives - Net CF,13529,No,1413529,1
14,0000014364,1,ADD: Dilbit TO Generated from Royalty Volumes,14364,No,1414364,1
14,0000014365,1,ADD: Dilbit TO Generated from Purchase or Resale,14365,No,1414365,1
14,0000014620,1,ADD: Special Items – Non Cash Costs Exploration Leasehold,14620,No,1414620,1
14,0000014662,1,ADD: FV Accounting Effects EAE,14662,No,1414662,1
12,0000001170,1,ADD: Non Cash Items,1170,No,121170,1
12,0000010130,1,ADD: Profit/Loss on asset swaps,10130,No,1210130,1
12,0000010140,1,ADD: Profit/Loss on mark-to-market on embedded derivatives,10140,No,1210140,1
12,0000013529,1,ADD: Total Mark to Market on Emb. Derivatives - Net CF,13529,No,1213529,1
12,0000014364,1,ADD: Dilbit TO Generated from Royalty Volumes,14364,No,1214364,1
12,0000014365,1,ADD: Dilbit TO Generated from Purchase or Resale,14365,No,1214365,1
12,0000014620,1,ADD: Special Items – Non Cash Costs Exploration Leasehold,14620,No,1214620,1
12,0000014662,1,ADD: FV Accounting Effects EAE,14662,No,1214662,1
12,0000000100,1,ADD: Calculated Oil Turnover (Oil TO),100,Yes,12100,1
12,0000000110,1,ADD: Oil TO Generated from Royalty Volumes,110,Yes,12110,1
12,0000000120,1,ADD: Oil TO Generated from Purchase for Resale,120,Yes,12120,1
12,0000000220,1,ADD: Calculated NGL Turnover (NGL TO),220,Yes,12220,1
12,0000000230,1,ADD: NGL TO Generated from Royalty Volumes,230,Yes,12230,1
12,0000000240,1,ADD: NGL TO Generated from Purchase for Resale,240,Yes,12240,1
12,0000000340,1,ADD: Calculated Gas Turnover (Gas TO),340,Yes,12340,1
12,0000000350,1,ADD: Gas TO Generated from Royalty Volumes,350,Yes,12350,1
12,0000000360,1,ADD: Gas TO Generated from Purchase for Resale,360,Yes,12360,1
12,0000000380,1,ADD: Tariff and Other Turnover,380,Yes,12380,1
12,0000000420,1,ADD: Purchases,420,Yes,12420,1
12,0000000430,1,ADD: Production Taxes Charged,430,Yes,12430,1
12,0000000440,1,ADD: Royalty Charged,440,Yes,12440,1
12,0000000450,1,ADD: Other Government Take Charged,450,Yes,12450,1
12,0000000630,1,ADD: Decommissioning Payments,630,Yes,12630,1
12,0000000631,1,ADD: Exploration Write-off Dry Hole - Input,631,Yes,12631,1
12,0000000640,1,ADD: Forex,640,Yes,12640,1
12,0000000650,1,ADD: COSA,650,Yes,12650,1
12,0000000660,1,ADD: Inventory,660,Yes,12660,1
12,0000000670,1,ADD: Other Provisions,670,Yes,12670,1
12,0000000700,1,ADD: Impairment - Tangible Assets and other NOI,700,Yes,12700,1
12,0000000730,1,ADD: Related Company Income- Gross,730,Yes,12730,1
12,0000000781,1,ADD: Profit/Loss on sale of operations,781,Yes,12781,1
12,0000000850,1,ADD: Production Costs – Operating,850,Yes,12850,1
12,0000000870,1,ADD: Other Opex,870,Yes,12870,1
12,0000000880,1,ADD: Production Costs – Revex,880,Yes,12880,1
12,0000000890,1,ADD: E&A Cash Costs,890,Yes,12890,1
12,0000000900,1,ADD: Other Revex,900,Yes,12900,1
12,0000000910,1,ADD: Production Costs – Overheads,910,Yes,12910,1
12,0000000920,1,ADD: Overheads,920,Yes,12920,1
12,0000000921,1,ADD: Special Items - Cash Cost Ratex,921,Yes,12921,1
12,0000001190,1,ADD: COSA - copy 1 (reversed),1190,Yes,121190,1
12,0000001250,1,ADD: Interest & Dividends Receivable,1250,Yes,121250,1
12,0000001360,1,ADD: Payments from Other Provisions,1360,Yes,121360,1
12,0000001380,1,ADD: Capitalised Interest Paid,1380,Yes,121380,1
12,0000001390,1,ADD: Interest Received,1390,Yes,121390,1
12,0000001690,1,ADD: Other Non Cash Items add back -Input,1690,Yes,121690,1
12,0000001730,1,ADD: M&T Cash Costs,1730,Yes,121730,1
12,0000002840,1,ADD: Other Income Input,2840,Yes,122840,1
12,0000002920,1,ADD: Share of interest expense in Related Company,2920,Yes,122920,1
12,0000008010,1,ADD: Exploration Write-off Dry Hole (BU Owned),8010,Yes,128010,1
12,0000010210,1,ADD: Impairment - Expl Leasehold,10210,Yes,1210210,1
12,0000012180,1,ADD: Exploration WO Dry Hole (reversed),12180,Yes,1212180,1
12,0000012190,1,ADD: Other Provisions (reversed),12190,Yes,1212190,1
12,0000012200,1,ADD: Total DDA & Impairments (reversed),12200,Yes,1212200,1
12,0000012660,1,ADD: Special Items Non-cash Costs (reversed),12660,Yes,1212660,1
12,0000012670,1,ADD: Related Company Income (reversed),12670,Yes,1212670,1
12,0000012680,1,ADD: P/L on Sale of Operations (reversed),12680,Yes,1212680,1
12,0000013522,1,ADD: Total Inventory - Product & Stores CF,13522,Yes,1213522,1
12,0000013524,1,ADD: Total Debtors CF,13524,Yes,1213524,1
12,0000013525,1,ADD: Total Creditors CF,13525,Yes,1213525,1
12,0000013531,1,ADD: Total Dividend Received (incl. from Related Company),13531,Yes,1213531,1
12,0000013544,1,ADD: Total DDA on Operations (incl. PPA),13544,Yes,1213544,1
12,0000013546,1,ADD: Total Impairment - PPP & Goodwill (GBC only),13546,Yes,1213546,1
12,0000013558,1,ADD: Profit/Loss on IFRS FVTE,13558,Yes,1213558,1
12,0000013574,1,ADD: CT Charge on Related Company Income,13574,Yes,1213574,1
12,0000013814,1,ADD: Special Items - Gross Margin,13814,Yes,1213814,1
12,0000013838,1,ADD: Special Items - Non Cash Cost Environment,13838,Yes,1213838,1
12,0000013839,1,ADD: Special Items - Other Income,13839,Yes,1213839,1
12,0000014247,1,ADD: NonCash CF Adj,14247,Yes,1214247,1
12,0000014253,1,ADD: P/L on IFRS FVTE (reversed),14253,Yes,1214253,1
12,0000014287,1,ADD: Other Non Cash Items Add Back Adj1,14287,Yes,1214287,1
12,0000014288,1,ADD: Other Non Cash Items Add Back Adj2,14288,Yes,1214288,1
12,0000014425,1,ADD: Underlift/overlift movement,14425,Yes,1214425,1
12,0000014545,1,ADD: Total Impairments (reversed),14545,Yes,1214545,1
12,0000014566,1,ADD: RoU Asset DD&A charge,14566,Yes,1214566,1
12,0000014567,1,ADD: RoU Asset DD&A capitalized,14567,Yes,1214567,1
12,0000014573,1,ADD: Lease Interest paid,14573,Yes,1214573,1
12,0000014597,1,ADD: Other Income - Leases partner recovery,14597,Yes,1214597,1
12,0000014619,1,ADD: Special Items - Non Cash Costs Forex,14619,Yes,1214619,1
12,0000014621,1,ADD: Special Items – Other Income Relco,14621,Yes,1214621,1
12,0000014622,1,ADD: Special Items – Cash Costs Other,14622,Yes,1214622,1
1,0000000080,1,ADD: Oil Production (mb/d),80,Yes,180,1
1,0000000190,1,ADD: NGL Production (mb/d),190,Yes,1190,1
1,0000014355,1,ADD: Bitumen Production (mb/d),14355,No,114355,1
3,0000000100,1,ADD: Calculated Oil Turnover (Oil TO),100,Yes,3100,1
3,0000000110,1,ADD: Oil TO Generated from Royalty Volumes,110,Yes,3110,1
3,0000000120,1,ADD: Oil TO Generated from Purchase for Resale,120,Yes,3120,1
3,0000000220,1,ADD: Calculated NGL Turnover (NGL TO),220,Yes,3220,1
3,0000000230,1,ADD: NGL TO Generated from Royalty Volumes,230,Yes,3230,1
3,0000000240,1,ADD: NGL TO Generated from Purchase for Resale,240,Yes,3240,1
3,0000000340,1,ADD: Calculated Gas Turnover (Gas TO),340,Yes,3340,1
3,0000000350,1,ADD: Gas TO Generated from Royalty Volumes,350,Yes,3350,1
3,0000000360,1,ADD: Gas TO Generated from Purchase for Resale,360,Yes,3360,1
3,0000000380,1,ADD: Tariff and Other Turnover,380,Yes,3380,1
3,0000000420,1,ADD: Purchases,420,Yes,3420,1
3,0000000430,1,ADD: Production Taxes Charged,430,Yes,3430,1
3,0000000440,1,ADD: Royalty Charged,440,Yes,3440,1
3,0000000450,1,ADD: Other Government Take Charged,450,Yes,3450,1
3,0000013814,1,ADD: Special Items - Gross Margin,13814,Yes,313814,1
3,0000014363,1,ADD: Calculated Dilbit Turnover (Dilbit TO),14363,No,314363,1
3,0000014364,1,ADD: Dilbit TO Generated from Royalty Volumes,14364,No,314364,1
3,0000014365,1,ADD: Dilbit TO Generated from Purchase or Resale,14365,No,314365,1
4,0000000850,1,ADD: Production Costs – Operating,850,Yes,4850,1
4,0000000870,1,ADD: Other Opex,870,Yes,4870,1
4,0000000880,1,ADD: Production Costs – Revex,880,Yes,4880,1
4,0000000890,1,ADD: E&A Cash Costs,890,Yes,4890,1
4,0000000900,1,ADD: Other Revex,900,Yes,4900,1
4,0000000910,1,ADD: Production Costs – Overheads,910,Yes,4910,1
4,0000000920,1,ADD: Overheads,920,Yes,4920,1
4,0000000921,1,ADD: Special Items - Cash Cost Ratex,921,Yes,4921,1
4,0000001730,1,ADD: M&T Cash Costs,1730,Yes,41730,1
4,0000014622,1,ADD: Special Items – Cash Costs Other,14622,Yes,414622,1
5,0000000850,1,ADD: Production Costs – Operating,850,Yes,5850,1
5,0000000880,1,ADD: Production Costs – Revex,880,Yes,5880,1
5,0000000910,1,ADD: Production Costs – Overheads,910,Yes,5910,1
6,0000013544,1,ADD: Total DDA on Operations (incl. PPA),13544,Yes,613544,1
6,0000014566,1,ADD: RoU Asset DD&A charge,14566,Yes,614566,1
6,0000014567,1,ADD: RoU Asset DD&A capitalized,14567,Yes,614567,1
7,0000000730,1,ADD: Related Company Income- Gross,730,Yes,7730,1
7,0000002920,1,ADD: Share of interest expense in Related Company,2920,Yes,72920,1
7,0000013574,1,ADD: CT Charge on Related Company Income,13574,Yes,713574,1
8,0000000100,1,ADD: Calculated Oil Turnover (Oil TO),100,Yes,8100,1
8,0000000110,1,ADD: Oil TO Generated from Royalty Volumes,110,Yes,8110,1
8,0000000120,1,ADD: Oil TO Generated from Purchase for Resale,120,Yes,8120,1
8,0000000220,1,ADD: Calculated NGL Turnover (NGL TO),220,Yes,8220,1
8,0000000230,1,ADD: NGL TO Generated from Royalty Volumes,230,Yes,8230,1
8,0000000240,1,ADD: NGL TO Generated from Purchase for Resale,240,Yes,8240,1
8,0000000340,1,ADD: Calculated Gas Turnover (Gas TO),340,Yes,8340,1
8,0000000350,1,ADD: Gas TO Generated from Royalty Volumes,350,Yes,8350,1
8,0000000360,1,ADD: Gas TO Generated from Purchase for Resale,360,Yes,8360,1
8,0000000380,1,ADD: Tariff and Other Turnover,380,Yes,8380,1
8,0000000420,1,ADD: Purchases,420,Yes,8420,1
8,0000000430,1,ADD: Production Taxes Charged,430,Yes,8430,1
8,0000000440,1,ADD: Royalty Charged,440,Yes,8440,1
8,0000000450,1,ADD: Other Government Take Charged,450,Yes,8450,1
8,0000000640,1,ADD: Forex,640,Yes,8640,1
8,0000000650,1,ADD: COSA,650,Yes,8650,1
8,0000000660,1,ADD: Inventory,660,Yes,8660,1
8,0000000670,1,ADD: Other Provisions,670,Yes,8670,1
8,0000000730,1,ADD: Related Company Income- Gross,730,Yes,8730,1
8,0000000850,1,ADD: Production Costs – Operating,850,Yes,8850,1
8,0000000870,1,ADD: Other Opex,870,Yes,8870,1
8,0000000880,1,ADD: Production Costs – Revex,880,Yes,8880,1
8,0000000890,1,ADD: E&A Cash Costs,890,Yes,8890,1
8,0000000900,1,ADD: Other Revex,900,Yes,8900,1
8,0000000910,1,ADD: Production Costs – Overheads,910,Yes,8910,1
8,0000000920,1,ADD: Overheads,920,Yes,8920,1
8,0000001730,1,ADD: M&T Cash Costs,1730,Yes,81730,1
8,0000002840,1,ADD: Other Income Input,2840,Yes,82840,1
8,0000002920,1,ADD: Share of interest expense in Related Company,2920,Yes,82920,1
8,0000013574,1,ADD: CT Charge on Related Company Income,13574,Yes,813574,1
8,0000014363,1,ADD: Calculated Dilbit Turnover (Dilbit TO),14363,No,814363,1
8,0000014364,1,ADD: Dilbit TO Generated from Royalty Volumes,14364,No,814364,1
8,0000014365,1,ADD: Dilbit TO Generated from Purchase or Resale,14365,No,814365,1
8,0000014425,1,ADD: Underlift/overlift movement,14425,Yes,814425,1
8,0000014597,1,ADD: Other Income - Leases partner recovery,14597,Yes,814597,1
9,0000000100,1,ADD: Calculated Oil Turnover (Oil TO),100,Yes,9100,1
9,0000000110,1,ADD: Oil TO Generated from Royalty Volumes,110,Yes,9110,1
9,0000000120,1,ADD: Oil TO Generated from Purchase for Resale,120,Yes,9120,1
9,0000000220,1,ADD: Calculated NGL Turnover (NGL TO),220,Yes,9220,1
9,0000000230,1,ADD: NGL TO Generated from Royalty Volumes,230,Yes,9230,1
9,0000000240,1,ADD: NGL TO Generated from Purchase for Resale,240,Yes,9240,1
9,0000000340,1,ADD: Calculated Gas Turnover (Gas TO),340,Yes,9340,1
9,0000000350,1,ADD: Gas TO Generated from Royalty Volumes,350,Yes,9350,1
9,0000000360,1,ADD: Gas TO Generated from Purchase for Resale,360,Yes,9360,1
9,0000000380,1,ADD: Tariff and Other Turnover,380,Yes,9380,1
9,0000000400,1,ADD: Total Turnover,400,No,9400,1
9,0000000420,1,ADD: Purchases,420,Yes,9420,1
9,0000000430,1,ADD: Production Taxes Charged,430,Yes,9430,1
9,0000000440,1,ADD: Royalty Charged,440,Yes,9440,1
9,0000000450,1,ADD: Other Government Take Charged,450,Yes,9450,1
9,0000000631,1,ADD: Exploration Write-off Dry Hole - Input,631,Yes,9631,1
9,0000000640,1,ADD: Forex,640,Yes,9640,1
9,0000000650,1,ADD: COSA,650,Yes,9650,1
9,0000000660,1,ADD: Inventory,660,Yes,9660,1
9,0000000670,1,ADD: Other Provisions,670,Yes,9670,1
9,0000000730,1,ADD: Related Company Income- Gross,730,Yes,9730,1
9,0000000850,1,ADD: Production Costs – Operating,850,Yes,9850,1
9,0000000870,1,ADD: Other Opex,870,Yes,9870,1
9,0000000880,1,ADD: Production Costs – Revex,880,Yes,9880,1
9,0000000890,1,ADD: E&A Cash Costs,890,Yes,9890,1
9,0000000900,1,ADD: Other Revex,900,Yes,9900,1
9,0000000910,1,ADD: Production Costs – Overheads,910,Yes,9910,1
9,0000000920,1,ADD: Overheads,920,Yes,9920,1
9,0000001730,1,ADD: M&T Cash Costs,1730,Yes,91730,1
9,0000002840,1,ADD: Other Income Input,2840,Yes,92840,1
9,0000002920,1,ADD: Share of interest expense in Related Company,2920,Yes,92920,1
9,0000008010,1,ADD: Exploration Write-off Dry Hole (BU Owned),8010,Yes,98010,1
9,0000010210,1,ADD: Impairment - Expl Leasehold,10210,Yes,910210,1
9,0000013544,1,ADD: Total DDA on Operations (incl. PPA),13544,Yes,913544,1
9,0000013574,1,ADD: CT Charge on Related Company Income,13574,Yes,913574,1
9,0000014363,1,ADD: Calculated Dilbit Turnover (Dilbit TO),14363,No,914363,1
9,0000014364,1,ADD: Dilbit TO Generated from Royalty Volumes,14364,No,914364,1
9,0000014365,1,ADD: Dilbit TO Generated from Purchase or Resale,14365,No,914365,1
9,0000014425,1,ADD: Underlift/overlift movement,14425,Yes,914425,1
9,0000014566,1,ADD: RoU Asset DD&A charge,14566,Yes,914566,1
9,0000014567,1,ADD: RoU Asset DD&A capitalized,14567,Yes,914567,1
9,0000014597,1,ADD: Other Income - Leases partner recovery,14597,Yes,914597,1
10,0000000630,1,ADD: Decommissioning Payments,630,Yes,10630,1
10,0000001190,1,ADD: COSA - copy 1 (reversed),1190,Yes,101190,1
10,0000013522,1,ADD: Total Inventory - Product & Stores CF,13522,Yes,1013522,1
10,0000013524,1,ADD: Total Debtors CF,13524,Yes,1013524,1
10,0000013525,1,ADD: Total Creditors CF,13525,Yes,1013525,1
10,0000013529,1,ADD: Total Mark to Market on Emb. Derivatives - Net CF,13529,No,1013529,1
10,0000013558,1,ADD: Profit/Loss on IFRS FVTE,13558,Yes,1013558,1
10,0000014284,1,ADD: Working Capital Special Item 1,14284,No,1014284,1
10,0000014285,1,ADD: Working Capital Special Item 2,14285,No,1014285,1
11,0000001250,1,ADD: Interest & Dividends Receivable,1250,Yes,111250,1
11,0000013531,1,ADD: Total Dividend Received (incl. from Related Company),13531,Yes,1113531,1
13,0000000790,1,ADD: Development Capex – D&C,790,Yes,13790,1
13,0000000800,1,ADD: Development Capex – Other,800,Yes,13800,1
13,0000000820,1,ADD: Inorganic Capex,820,Yes,13820,1
13,0000000830,1,ADD: Capitalised Interest,830,Yes,13830,1
13,0000001220,1,ADD: E&A- Drilling,1220,Yes,131220,1
13,0000001230,1,ADD: E&A- Other,1230,Yes,131230,1
13,0000001240,1,ADD: Midstream Capex,1240,Yes,131240,1
13,0000001600,1,ADD: Movement in Capex Creditors,1600,Yes,131600,1
13,0000003760,1,ADD: Capitalised Interest Paid - copy 1 (reversed),3760,Yes,133760,1
13,0000014570,1,ADD: Accrued Lease Capex,14570,Yes,1314570,1
13,0000014571,1,ADD: Non-cash adj lease capex,14571,Yes,1314571,1
15,0000001700,1,ADD: Intangible Assets NBV (excl. Goodwill),1700,Yes,151700,1
15,0000001710,1,ADD: Tangible Assets NBV (excl. AUC),1710,Yes,151710,1
15,0000001720,1,ADD: Investments NBV,1720,Yes,151720,1
15,0000001870,1,ADD: Total Capex Creditors BS,1870,Yes,151870,1
15,0000001890,1,ADD: Provision for Decommissioning,1890,Yes,151890,1
15,0000001910,1,ADD: Other Provisions BS,1910,Yes,151910,1
15,0000007020,1,ADD: Assets in the course of Construction (AUC),7020,Yes,157020,1
15,0000010150,1,ADD: Intangible Assets - Goodwill,10150,Yes,1510150,1
15,0000013534,1,ADD: Total Inventory - Product & Stores BS,13534,Yes,1513534,1
15,0000013536,1,ADD: Total Debtors BS (Incl. I/C),13536,Yes,1513536,1
15,0000013538,1,ADD: Total Creditors BS (Incl. I/C),13538,Yes,1513538,1
15,0000013540,1,ADD: Total Mark to Market on Emb. Derivatives - Net BS,13540,Yes,1513540,1
15,0000013824,1,ADD: Assets Held for Sale,13824,Yes,1513824,1
15,0000013825,1,ADD: Liabilities associated with Assets Held for Sale,13825,Yes,1513825,1
15,0000014568,1,ADD: RoU Asset,14568,Yes,1514568,1
15,0000014569,1,ADD: Lease Liability,14569,Yes,1514569,1
15,0000014575,1,ADD: Partner Receivable – leases,14575,Yes,1514575,1
15,0000014576,1,ADD: Payable to Operator – leases,14576,Yes,1514576,1
16,0000003770,0.365,ADD: Revenue Generating Total Prod (mboed),3770,Yes,163770,1
